order_id,order_timestamp,order_payment,order_address_num,order_address_street,order_address_state,order_zip,order_completed
1,2024-07-11 14:49:03,8983847858158898,685,Walnut,Washington,49847,False
2,2024-07-10 14:48:23,8912754039834456,156,Thornberry,District ,50451,False
3,2024-07-09 14:49:03,1513222144093774,692,Thornberry,New Jersey,38438,True
4,2024-07-08 14:48:52,7377926348156189,101,Pardo Place,North Carolina,78567,False
5,2024-07-07 14:49:08,1041023685568740,211,Waalker Loop,Iowa,95021,True
6,2024-07-06 14:49:03,5168037811212866,455,Wade Meadow Lane,Oregon,33129,True
7,2024-07-05 14:48:21,9659678345077616,595,Main,South Carolina,90770,True
8,2024-07-04 14:49:00,9806180403940007,762,Wade Meadow Lane,District ,46299,False
9,2024-07-03 14:48:23,3370441699904475,462,Cypress Point,Florida,51699,False
10,2024-07-02 14:48:22,6540481314642172,163,Wade Meadow Lane,Colorado,91012,True
11,2024-07-01 14:48:17,8916286949763582,259,Ware Way,Missouri,20998,False
12,2024-06-30 14:48:49,1006977804806180,610,Elm,Mississippi,77998,True
13,2024-06-29 14:48:23,5212038765073054,92,Gatsby Lane,Hawaii,11365,True
14,2024-06-28 14:48:48,4090402498812497,983,Paradise Drive,Kansas,40056,False
15,2024-06-27 14:48:56,5980763869340865,864,Maple,Guam,17104,False
16,2024-06-26 14:48:52,2893700528401925,229,Water,South Carolina,97812,False
17,2024-06-25 14:48:15,7682590204620396,188,Duval Court,Kentucky,99008,True
18,2024-06-24 14:49:05,8373343823003497,629,Walnut,American Samoa,56018,False
19,2024-06-23 14:48:15,8132181126779492,944,Gatsby Lane,Colorado,46744,True
20,2024-06-22 14:48:16,9505313359160796,453,Waalker Loop,Massachusetts,72830,False
21,2024-06-21 14:48:31,7328240988058848,719,Rose Path,Florida,63526,True
22,2024-06-20 14:48:55,7705425312505437,680,Bell Terrace,Connecticut,47170,True
23,2024-06-19 14:48:52,6507161931354561,456,Lock Street,Virginia,34735,False
24,2024-06-18 14:48:34,3676921082962493,872,Bell Terrace,Hawaii,26833,False
25,2024-06-17 14:48:21,8510939217435995,531,Hudson,North Dakota,10845,False
26,2024-06-16 14:48:13,7224550716764516,594,Duval Court,Pennsylvania,28437,True
27,2024-06-15 14:49:00,7525765350362592,371,Elm,Maine,63110,True
28,2024-06-14 14:48:16,5775937132950142,847,Maple,Illinois,75782,True
29,2024-06-13 14:48:18,4510672915444283,767,Yuma Place,American Samoa,15243,True
30,2024-06-12 14:49:02,1389922764951805,587,Iva Place,New Mexico,43889,True
31,2024-06-11 14:49:00,2886927186232255,683,Thornberry,Nebraska,46680,False
32,2024-06-10 14:48:14,5440805233575836,999,Duval Court,New Mexico,70544,False
33,2024-06-09 14:49:05,4175429703792821,548,Bexley Place,Mississippi,77349,True
34,2024-06-08 14:48:54,9494908618307286,780,Main,Connecticut,40103,True
35,2024-06-07 14:48:30,7191808908335320,757,Talley Ridge Drive,Iowa,43747,False
36,2024-06-06 14:48:31,2110784899473285,279,Rogers Road,Connecticut,40501,True
37,2024-06-05 14:48:13,6559743793235202,399,Gatsby Lane,New Hampshire,48304,True
38,2024-06-04 14:49:09,7911492411836686,473,Rose Path,Massachusetts,96579,True
39,2024-06-03 14:48:16,2623380075650423,708,Gaskin Place,Virgin Islands,32455,False
40,2024-06-02 14:48:26,3259035995522138,427,Mistwood Lane,Ohio,77617,True
41,2024-06-01 14:48:49,3474601213461783,207,Waalker Loop,Nebraska,17600,False
42,2024-05-31 14:48:38,9759554584385493,854,Thornberry,South Dakota,51262,True
43,2024-05-30 14:48:59,3924471603753075,59,Mission Hills Trail,Guam,34977,False
44,2024-05-29 14:48:39,2099159230847474,731,Acorn Court,Rhode Island,65643,False
45,2024-05-28 14:48:51,9763104311425936,986,Cypress Point,of Columbia,47794,True
46,2024-05-27 14:48:39,2049433995112771,985,Waalker Loop,Wisconsin,89478,False
47,2024-05-26 14:48:58,5483386585422801,645,Gatsby Lane,New Jersey,46851,False
48,2024-05-25 14:48:33,7665522409383364,813,Elm,New Mexico,95256,True
49,2024-05-24 14:48:56,8348143553693450,698,Iva Place,Rhode Island,77767,True
50,2024-05-23 14:48:25,9689486755861669,465,Iron Oak Way,South Carolina,12105,True
51,2024-05-22 14:48:53,9423997988993631,665,Iron Oak Way,Alaska,56924,True
52,2024-05-21 14:48:24,9645008465108027,98,Water,Vermont,71465,True
53,2024-05-20 14:48:45,6178130751505715,86,Bell Terrace,Pennsylvania,68975,False
54,2024-05-19 14:48:34,6059521493549877,420,Swallow Court,Idaho,18856,True
55,2024-05-18 14:48:24,8099786368010711,169,Wade Meadow Lane,North Dakota,53090,True
56,2024-05-17 14:49:02,3095413931742689,926,Hudson,New York,23596,True
57,2024-05-16 14:48:24,4033553572454988,996,Bexley Place,Texas,45365,False
58,2024-05-15 14:48:51,3345003073901662,395,Wade Meadow Lane,Georgia,88586,False
59,2024-05-14 14:48:58,9765775906634163,628,Swallow Court,Mississippi,44421,True
60,2024-05-13 14:48:14,4361345459120896,487,Moore Terrace,California,73621,False
61,2024-05-12 14:48:50,2897820862014173,32,Mission Hills Trail,Wyoming,32160,True
62,2024-05-11 14:48:47,8461478127776292,567,Pardo Place,Kentucky,64423,True
63,2024-05-10 14:48:29,2788995348347914,782,Acorn Court,Oklahoma,31302,True
64,2024-05-09 14:48:49,8840460049722556,181,Ware Way,Arizona,26477,False
65,2024-05-08 14:48:18,5274042217885608,475,Thornberry,Kansas,76942,False
66,2024-05-07 14:48:25,4655833596328948,662,Caulk Court,Vermont,49877,True
67,2024-05-06 14:48:44,5402280734640804,111,Paradise Drive,New Hampshire,20791,False
68,2024-05-05 14:48:16,2433940009892575,725,Yuma Place,Texas,89590,True
69,2024-05-04 14:48:32,5457079021433304,979,Sherwood Street,Louisiana,63446,False
70,2024-05-03 14:48:41,1575445343121634,27,Lock Street,New Hampshire,90885,True
71,2024-05-02 14:48:44,3606354175245659,431,Wade Meadow Lane,New York,20729,True
72,2024-05-01 14:48:19,4068485781131303,980,Sherwood Street,Rhode Island,90714,False
73,2024-04-30 14:49:03,5172248175275121,793,Bell Terrace,Delaware,23322,False
74,2024-04-29 14:48:56,6534479998174442,790,Gatsby Lane,Texas,13439,False
75,2024-04-28 14:49:06,9825573075360702,628,Bexley Place,Mississippi,53496,False
76,2024-04-27 14:48:31,8501407075463707,902,Water,Minnesota,43131,False
77,2024-04-26 14:48:56,8317765761201192,132,Ware Way,North Carolina,24208,True
78,2024-04-25 14:48:35,5138113157806157,120,Iron Oak Way,Colorado,57431,True
79,2024-04-24 14:48:38,4419458409165214,768,Mission Hills Trail,Texas,54204,False
80,2024-04-23 14:48:52,7241957394591634,942,Miranda Way,West Virginia,28581,True
81,2024-04-22 14:48:52,9822351133605346,171,Lock Street,Oregon,96886,True
82,2024-04-21 14:48:11,5436907017118952,182,Gaskin Place,District ,19690,False
83,2024-04-20 14:48:14,6726299949321892,938,Sherwood Street,New Hampshire,26594,False
84,2024-04-19 14:48:50,2163460432315151,907,Yuma Place,Nebraska,38844,True
85,2024-04-18 14:48:52,1409896475329466,95,Gaskin Place,Kentucky,56945,False
86,2024-04-17 14:48:26,5474339674633689,473,Ware Way,Arkansas,17736,False
87,2024-04-16 14:48:24,2405762895485533,528,Elm,Washington,52397,True
88,2024-04-15 14:48:19,2890894594895218,299,Cypress Point,Tennessee,38562,False
89,2024-04-14 14:48:35,1962940179940836,118,Water,Hawaii,49750,False
90,2024-04-13 14:49:01,2187764107461270,366,Yuma Place,Oregon,57398,True
91,2024-04-12 14:49:09,7684480663124174,327,Waalker Loop,South Carolina,29434,False
92,2024-04-11 14:48:47,8224624571927591,382,Caulk Court,Montana,67183,True
93,2024-04-10 14:48:26,3677656196527169,772,Iron Oak Way,Utah,39018,True
94,2024-04-09 14:48:45,2985974289591044,843,Caulk Court,Colorado,23100,False
95,2024-04-08 14:49:06,3785539838054078,253,Main,Montana,23473,True
96,2024-04-07 14:49:02,8498680189377056,793,Rogers Road,South Carolina,28656,True
97,2024-04-06 14:49:08,9310298366798563,453,Water,Utah,37368,False
98,2024-04-05 14:49:03,4599000521902427,144,Water,Tennessee,13106,True
99,2024-04-04 14:48:14,3603225213920993,996,Water,Massachusetts,40856,True
100,2024-04-03 14:48:27,7925813456438332,233,Moore Terrace,Kansas,30904,True
101,2024-04-02 14:48:55,1038271326105668,326,Gatsby Lane,Montana,81518,True
102,2024-04-01 14:48:43,9040400288176221,280,Rose Path,Arkansas,31346,False
103,2024-03-31 14:48:41,7730930410571202,521,Iva Place,Puerto Rico,54267,False
104,2024-03-30 14:48:19,7099804472261163,846,Paradise Drive,Pennsylvania,72791,False
105,2024-03-29 14:49:06,1606679206854877,326,Sherwood Street,North Carolina,26335,True
106,2024-03-28 14:48:27,6183602148975109,891,Caulk Court,Tennessee,87644,True
107,2024-03-27 14:48:18,2932122414116212,535,Waalker Loop,Georgia,93751,False
108,2024-03-26 14:48:27,4594349948957744,976,Paradise Drive,Colorado,92046,False
109,2024-03-25 14:48:26,7195089926819280,823,Caulk Court,Washington,59916,True
110,2024-03-24 14:48:23,5346313287709066,376,Cypress Point,New Hampshire,85159,True
111,2024-03-23 14:48:35,4516239494948922,76,Mission Hills Trail,American Samoa,83415,True
112,2024-03-22 14:48:47,3000066053027486,725,Acorn Court,New Jersey,56205,False
113,2024-03-21 14:48:14,7160296840074083,278,Yuma Place,District ,60698,False
114,2024-03-20 14:48:13,6389258382230466,196,Gatsby Lane,Guam,43334,True
115,2024-03-19 14:48:57,6323319619045270,337,Thornberry,Delaware,43128,True
116,2024-03-18 14:48:59,2902969783062113,944,Paradise Drive,Georgia,29768,False
117,2024-03-17 14:48:17,5413049309847636,138,Miranda Way,South Dakota,97015,True
118,2024-03-16 14:48:58,7756683981891249,596,Thornberry,Ohio,23788,False
119,2024-03-15 14:48:28,5435454523068683,787,Lock Street,Guam,77991,True
120,2024-03-14 14:48:37,4323047414531731,569,Pardo Place,Massachusetts,14336,True
121,2024-03-13 14:48:29,3923085791756807,510,Acorn Court,North Dakota,28570,True
122,2024-03-12 14:48:25,4826969969102516,944,Paradise Drive,Rhode Island,79799,False
123,2024-03-11 14:48:45,2385916848520499,59,Sherwood Street,New York,34559,False
124,2024-03-10 14:48:17,6407096923134874,210,Caulk Court,Guam,33412,False
125,2024-03-09 14:49:08,1116994468061997,648,Paradise Drive,Arizona,51753,True
126,2024-03-08 14:48:12,5911930293013286,216,Bell Terrace,Maryland,39713,False
127,2024-03-07 14:48:41,7275624606032325,428,Thornberry,Florida,53422,True
128,2024-03-06 14:48:37,9799079830186005,576,Miranda Way,Minnesota,61776,True
129,2024-03-05 14:48:29,2588901417445440,704,Bell Terrace,Kansas,52983,False
130,2024-03-04 14:48:17,6578852729475877,729,Elm,New Hampshire,29494,False
131,2024-03-03 14:48:49,3360934249614850,406,Hudson,Kentucky,78177,False
132,2024-03-02 14:48:40,2343633805336457,684,Sherwood Street,Florida,13850,False
133,2024-03-01 14:48:25,2471666157931779,605,Rogers Road,Maine,73423,False
134,2024-02-29 14:48:28,1958859112490036,322,Elm,New Jersey,89625,True
135,2024-02-28 14:49:05,7597031724708720,904,Hudson,Nebraska,49521,True
136,2024-02-27 14:48:15,1708349553013557,505,Gatsby Lane,American Samoa,85233,True
137,2024-02-26 14:48:31,7682246368910645,988,Duval Court,Ohio,85017,False
138,2024-02-25 14:48:33,5180114126748240,93,Miranda Way,American Samoa,89669,False
139,2024-02-24 14:48:47,1060193880729846,72,Duval Court,New York,64916,False
140,2024-02-23 14:48:27,9472610420312737,458,Main,Oklahoma,55700,False
141,2024-02-22 14:49:04,2345300032397521,308,Talley Ridge Drive,Oklahoma,39059,False
142,2024-02-21 14:48:23,5173891216505554,548,Lock Street,Arizona,77423,False
143,2024-02-20 14:48:38,7444063214999102,195,Walnut,Colorado,80180,False
144,2024-02-19 14:48:12,9935498506238473,588,Mission Hills Trail,Nebraska,34735,True
145,2024-02-18 14:48:33,9297524356965099,125,Talley Ridge Drive,North Dakota,89299,True
146,2024-02-17 14:48:11,3414256894778816,45,Water,District ,31732,False
147,2024-02-16 14:48:28,2351540699122232,374,Acorn Court,Florida,62306,True
148,2024-02-15 14:48:19,6836471121605673,273,Lock Street,Guam,17174,False
149,2024-02-14 14:48:14,9289336438309963,677,Main,Maryland,48180,False
150,2024-02-13 14:48:42,3004227208098202,40,Paradise Drive,Wisconsin,73328,False
151,2024-02-12 14:48:44,2748791001477554,125,Rogers Road,West Virginia,50091,True
152,2024-02-11 14:49:00,1421774794297874,372,Waalker Loop,Oklahoma,52898,True
153,2024-02-10 14:48:20,3426397344315780,709,Iva Place,Ohio,30353,True
154,2024-02-09 14:48:46,3264290175668735,84,Water,Missouri,96478,True
155,2024-02-08 14:49:06,2176394607323747,809,Paradise Drive,Illinois,36187,True
156,2024-02-07 14:49:04,7100634258231961,512,Iva Place,Ohio,67988,True
157,2024-02-06 14:48:40,5079323849000565,930,Mission Hills Trail,Minnesota,60564,True
158,2024-02-05 14:48:20,8558369269010246,441,Waalker Loop,Connecticut,76035,True
159,2024-02-04 14:48:51,6603172873618328,669,Lock Street,Tennessee,11916,True
160,2024-02-03 14:48:48,4337268963568770,451,Thornberry,Washington,82989,False
161,2024-02-02 14:48:59,4003770351214819,494,Yuma Place,Michigan,15514,True
162,2024-02-01 14:48:33,1427727858312220,730,Gaskin Place,South Carolina,14345,False
163,2024-01-31 14:48:59,5556224694926213,415,Iva Place,North Dakota,31166,False
164,2024-01-30 14:48:15,9324771957220585,835,Maple,Michigan,94419,False
165,2024-01-29 14:48:36,2361657317527300,814,Rose Path,Missouri,36190,False
166,2024-01-28 14:48:40,6397052153676396,163,Sherwood Street,Kansas,67618,False
167,2024-01-27 14:49:03,2589813519177123,820,Elm,American Samoa,75980,False
168,2024-01-26 14:48:21,3174456406278557,529,Rogers Road,Virgin Islands,73229,False
169,2024-01-25 14:48:49,8550919212616667,442,Water,Montana,33440,False
170,2024-01-24 14:48:18,9222783262733308,712,Acorn Court,Nebraska,14568,False
171,2024-01-23 14:48:21,2014155546089314,127,Hudson,Nevada,38694,False
172,2024-01-22 14:48:16,5148692757823892,399,Waalker Loop,West Virginia,31772,True
173,2024-01-21 14:48:56,7540202760603946,729,Moore Terrace,Pennsylvania,29033,False
174,2024-01-20 14:48:46,6593562173738681,706,Paradise Drive,Georgia,58955,False
175,2024-01-19 14:48:57,8601080873152884,661,Thornberry,New Mexico,74047,False
176,2024-01-18 14:48:18,4325013745739339,250,Lock Street,Colorado,55038,False
177,2024-01-17 14:48:11,9593667442450333,755,Rogers Road,Puerto Rico,54801,False
178,2024-01-16 14:48:57,9435351068149933,103,Gaskin Place,Michigan,58522,True
179,2024-01-15 14:48:50,9990314993069789,309,Paradise Drive,Arkansas,25641,True
180,2024-01-14 14:48:57,5095536583910548,318,Iva Place,North Carolina,53073,True
181,2024-01-13 14:48:25,7031087509397613,263,Miranda Way,Tennessee,62899,True
182,2024-01-12 14:48:34,9116960080987850,614,Yuma Place,Kansas,83971,True
183,2024-01-11 14:48:57,4178727840370268,845,Talley Ridge Drive,Puerto Rico,67556,True
184,2024-01-10 14:48:32,1788369929021481,504,Caulk Court,Idaho,19207,False
185,2024-01-09 14:48:35,4623893650421409,858,Walnut,Ohio,10808,True
186,2024-01-08 14:48:56,1637145036194614,650,Gaskin Place,North Dakota,71612,False
187,2024-01-07 14:48:27,9630701614224067,275,Miranda Way,Connecticut,20251,True
188,2024-01-06 14:48:36,5798790280491512,923,Main,Virgin Islands,94326,False
189,2024-01-05 14:48:36,9738600176963736,583,Thornberry,Arizona,58323,False
190,2024-01-04 14:48:44,8926694786167155,677,Mission Hills Trail,American Samoa,30997,False
191,2024-01-03 14:48:31,5335374582947883,721,Waalker Loop,Indiana,93601,False
192,2024-01-02 14:48:50,1837457597423908,722,Talley Ridge Drive,Missouri,97126,False
193,2024-01-01 14:48:48,5325860920847792,802,Rogers Road,South Carolina,51352,False
194,2023-12-31 14:49:09,4477896880469784,489,Cypress Point,Alabama,65562,True
195,2023-12-30 14:48:54,7276448175866209,584,Ware Way,Vermont,70073,True
196,2023-12-29 14:48:17,4655288063912123,870,Acorn Court,Arizona,44119,True
197,2023-12-28 14:49:03,4116484031347024,620,Gaskin Place,Ohio,26521,False
198,2023-12-27 14:48:53,2930986275709495,809,Lock Street,Tennessee,34688,False
199,2023-12-26 14:48:13,6273504915997032,777,Lock Street,Oklahoma,81734,True
200,2023-12-25 14:48:50,1523898347602814,269,Moore Terrace,Nevada,90840,False
201,2023-12-24 14:48:11,1701501784823761,358,Cypress Point,Virgin Islands,72787,False
202,2023-12-23 14:48:48,8838736708529541,227,Talley Ridge Drive,Pennsylvania,96108,True
203,2023-12-22 14:48:32,2601673880461041,749,Duval Court,Virgin Islands,32736,False
204,2023-12-21 14:48:18,9269648475982293,172,Gaskin Place,Utah,95385,False
205,2023-12-20 14:48:20,9978119159670702,74,Iva Place,Arizona,31402,True
206,2023-12-19 14:48:52,1087782109373640,952,Waalker Loop,New Jersey,33108,True
207,2023-12-18 14:48:21,6443480895702910,281,Caulk Court,Alabama,45788,True
208,2023-12-17 14:48:35,9913058172731923,629,Miranda Way,Idaho,78401,True
209,2023-12-16 14:49:00,3291632135147472,357,Miranda Way,Maine,72015,True
210,2023-12-15 14:48:54,2938594250415355,644,Elm,of Columbia,35835,False
211,2023-12-14 14:48:24,2341263872998537,680,Elm,Pennsylvania,27225,True
212,2023-12-13 14:48:19,7061566308661987,412,Paradise Drive,Mississippi,85134,True
213,2023-12-12 14:49:07,6274054835550637,697,Rogers Road,New Mexico,50829,False
214,2023-12-11 14:48:59,9018222136948607,199,Acorn Court,Idaho,85587,False
215,2023-12-10 14:48:58,6429649658550783,778,Yuma Place,Georgia,37322,False
216,2023-12-09 14:48:38,5276666626767120,192,Miranda Way,Delaware,73127,True
217,2023-12-08 14:48:25,3475372984336491,853,Main,Wyoming,14698,False
218,2023-12-07 14:49:00,7941027414813687,302,Main,Virgin Islands,71163,True
219,2023-12-06 14:49:00,5277300579824890,814,Maple,Oklahoma,65372,True
220,2023-12-05 14:48:15,1528695158659594,476,Elm,Michigan,94464,False
221,2023-12-04 14:48:18,8135321257496314,198,Pardo Place,New York,40440,False
222,2023-12-03 14:48:17,4576684408023589,215,Mission Hills Trail,New Hampshire,92847,False
223,2023-12-02 14:48:58,6776119331396285,587,Acorn Court,Missouri,82443,False
224,2023-12-01 14:48:19,3598253551846692,823,Bexley Place,New York,83682,True
225,2023-11-30 14:48:57,2338988069256340,780,Waalker Loop,Massachusetts,60858,False
226,2023-11-29 14:48:20,7661126779617029,635,Ware Way,Arkansas,56000,True
227,2023-11-28 14:48:46,4361377256155538,870,Talley Ridge Drive,Alabama,79692,False
228,2023-11-27 14:48:33,1754317005224490,217,Pardo Place,South Carolina,45149,False
229,2023-11-26 14:48:42,4573633010760912,479,Mission Hills Trail,Massachusetts,53573,False
230,2023-11-25 14:49:00,6916264500610858,905,Talley Ridge Drive,Maryland,61350,False
231,2023-11-24 14:48:41,3866139832909204,218,Duval Court,Arizona,11995,False
232,2023-11-23 14:48:26,7214152256959238,386,Mission Hills Trail,Colorado,42834,True
233,2023-11-22 14:48:12,6658779993616087,439,Miranda Way,New Jersey,68379,True
234,2023-11-21 14:49:08,6550094059568909,500,Pardo Place,Maryland,59518,False
235,2023-11-20 14:48:55,5210207370781928,74,Swallow Court,North Carolina,29755,True
236,2023-11-19 14:48:57,8909987352043130,788,Mission Hills Trail,Utah,31875,False
237,2023-11-18 14:48:11,6151552843038507,658,Cypress Point,North Carolina,80768,False
238,2023-11-17 14:48:17,8444891386807373,647,Thornberry,Puerto Rico,79068,False
239,2023-11-16 14:48:30,2097184673955282,874,Rogers Road,North Carolina,53506,True
240,2023-11-15 14:49:06,6737738853072598,289,Bexley Place,Ohio,81076,True
241,2023-11-14 14:48:40,4287790421466748,595,Wade Meadow Lane,of Columbia,89959,False
242,2023-11-13 14:48:16,2157618739963800,936,Duval Court,Colorado,71666,False
243,2023-11-12 14:48:39,9908044212096724,784,Iron Oak Way,Ohio,87803,False
244,2023-11-11 14:48:52,8358120772936312,977,Hudson,Pennsylvania,98549,False
245,2023-11-10 14:48:52,1143892638780901,839,Acorn Court,Pennsylvania,20526,True
246,2023-11-09 14:49:02,1955904393391002,465,Miranda Way,Tennessee,15754,True
247,2023-11-08 14:48:31,4173041212946398,748,Gaskin Place,Guam,65973,False
248,2023-11-07 14:48:48,7749141208347808,941,Elm,Texas,41404,True
249,2023-11-06 14:49:07,8441426203245003,583,Ware Way,Puerto Rico,43746,True
250,2023-11-05 14:48:33,4100197002998420,521,Mission Hills Trail,Virgin Islands,82092,False
251,2023-11-04 14:48:35,5402331240221425,593,Thornberry,Ohio,63370,False
252,2023-11-03 14:48:55,8834808640045203,964,Yuma Place,Alabama,75094,False
253,2023-11-02 14:48:24,1996831390597739,578,Paradise Drive,Maine,87902,False
254,2023-11-01 14:48:28,3968703596503514,28,Acorn Court,North Carolina,16418,True
255,2023-10-31 14:48:51,5990805403692339,830,Duval Court,Missouri,60546,True
256,2023-10-30 14:49:05,6402427136519577,383,Yuma Place,of Columbia,87958,True
257,2023-10-29 14:49:00,5713590236512217,334,Wade Meadow Lane,New Mexico,70599,False
258,2023-10-28 14:48:11,6598732277898633,157,Maple,Missouri,25555,True
259,2023-10-27 14:48:24,5196621131294527,661,Bexley Place,West Virginia,37191,True
260,2023-10-26 14:48:49,1003174082130361,201,Swallow Court,Oklahoma,76180,False
261,2023-10-25 14:49:02,2829737389010428,774,Yuma Place,District ,37357,False
262,2023-10-24 14:48:51,4378905453580835,629,Iva Place,California,96931,True
263,2023-10-23 14:48:40,4749543936025961,301,Pardo Place,West Virginia,83273,True
264,2023-10-22 14:49:01,3991897223850773,136,Lock Street,Michigan,71229,True
265,2023-10-21 14:49:03,4550456783944764,213,Miranda Way,Virginia,15768,False
266,2023-10-20 14:48:18,2542968933716770,156,Ware Way,Vermont,14219,True
267,2023-10-19 14:48:24,2806317862303543,661,Cypress Point,Wisconsin,23909,False
268,2023-10-18 14:48:15,1885215789547301,413,Walnut,Virginia,78514,False
269,2023-10-17 14:48:39,3623915400327794,481,Walnut,Maryland,55878,False
270,2023-10-16 14:48:34,1625210615961758,96,Yuma Place,Wisconsin,17119,False
271,2023-10-15 14:48:11,6864391175491156,627,Moore Terrace,District ,99884,True
272,2023-10-14 14:49:03,8398030158552511,606,Main,Idaho,42345,False
273,2023-10-13 14:48:37,5914738104006533,112,Ware Way,Mississippi,99227,True
274,2023-10-12 14:48:14,9514348966161299,319,Iva Place,New Mexico,50503,False
275,2023-10-11 14:48:35,8252306409063241,425,Walnut,Tennessee,53440,False
276,2023-10-10 14:49:05,4560624155158607,553,Walnut,American Samoa,59490,False
277,2023-10-09 14:48:38,7611135667963306,590,Wade Meadow Lane,West Virginia,44812,True
278,2023-10-08 14:49:06,9657788185325192,860,Sherwood Street,West Virginia,65621,True
279,2023-10-07 14:48:24,1718839754504743,277,Hudson,Nevada,98180,True
280,2023-10-06 14:48:27,9367251343398290,123,Water,Indiana,57998,False
281,2023-10-05 14:48:54,7149185818838159,604,Caulk Court,Montana,57438,True
282,2023-10-04 14:48:53,5160717429768807,519,Caulk Court,Colorado,34299,False
283,2023-10-03 14:48:56,8486891068022388,745,Rose Path,District ,58958,False
284,2023-10-02 14:48:54,1081861040162402,554,Cypress Point,Oregon,19837,False
285,2023-10-01 14:48:40,6712643587664842,893,Bell Terrace,Kansas,69043,False
286,2023-09-30 14:48:43,3369075803663713,398,Gatsby Lane,New Jersey,90502,False
287,2023-09-29 14:49:05,1386434423392564,616,Miranda Way,Oklahoma,76249,False
288,2023-09-28 14:48:59,9541827727522935,199,Waalker Loop,Wisconsin,17143,False
289,2023-09-27 14:48:34,2869802069205977,536,Swallow Court,California,20680,False
290,2023-09-26 14:48:49,4173090946396509,826,Talley Ridge Drive,Delaware,10486,True
291,2023-09-25 14:48:28,9315825221483720,817,Acorn Court,Oregon,50539,False
292,2023-09-24 14:48:56,7189484973608831,685,Water,Rhode Island,91860,True
293,2023-09-23 14:48:25,8864165804003746,201,Pardo Place,Michigan,18762,False
294,2023-09-22 14:48:35,4474038043100766,205,Water,New Mexico,34016,True
295,2023-09-21 14:48:13,8342982375952086,392,Rose Path,Kansas,95016,True
296,2023-09-20 14:48:41,2678692007768884,868,Caulk Court,District ,31289,False
297,2023-09-19 14:49:08,3427467934535674,844,Elm,Tennessee,87356,False
298,2023-09-18 14:49:06,2393250542341141,757,Cypress Point,Georgia,96032,False
299,2023-09-17 14:48:39,1417677796244276,640,Miranda Way,Illinois,13740,False
300,2023-09-16 14:48:14,2012698250202727,504,Lock Street,Pennsylvania,62518,False
301,2023-09-15 14:48:45,6503615817980328,92,Caulk Court,of Columbia,72926,True
302,2023-09-14 14:48:16,3200597796610685,139,Duval Court,Connecticut,65939,False
303,2023-09-13 14:48:21,9670710356746430,746,Wade Meadow Lane,Oregon,31588,False
304,2023-09-12 14:48:14,6479203357454672,317,Waalker Loop,Virginia,90554,False
305,2023-09-11 14:48:18,9540662631294079,461,Hudson,Washington,39714,True
306,2023-09-10 14:48:54,7991147544574648,256,Maple,Wyoming,63209,False
307,2023-09-09 14:48:43,2198436381080130,71,Bell Terrace,Tennessee,55358,False
308,2023-09-08 14:48:18,7075299857754515,524,Ware Way,California,80964,False
309,2023-09-07 14:48:21,4226296216946959,35,Moore Terrace,Georgia,51704,False
310,2023-09-06 14:48:45,4119878129359438,708,Hudson,Kentucky,20383,False
311,2023-09-05 14:48:27,1923747906526957,621,Mistwood Lane,Indiana,15335,False
312,2023-09-04 14:48:11,1216592063384582,959,Elm,Rhode Island,54190,False
313,2023-09-03 14:49:00,1282534589590335,652,Gaskin Place,Wyoming,36030,True
314,2023-09-02 14:48:28,4008976444573480,489,Bexley Place,North Carolina,53153,False
315,2023-09-01 14:48:49,2193114259105572,769,Gatsby Lane,New York,23415,False
316,2023-08-31 14:48:44,4909878224930878,881,Duval Court,Washington,54780,True
317,2023-08-30 14:48:28,1967693376395166,480,Gatsby Lane,Oregon,77186,True
318,2023-08-29 14:48:28,9786936004711651,315,Maple,Nebraska,43264,True
319,2023-08-28 14:48:48,3541035093250513,36,Iron Oak Way,Mississippi,45659,False
320,2023-08-27 14:48:35,3799364931752810,647,Swallow Court,Nevada,69656,False
321,2023-08-26 14:48:15,7247978846985128,362,Iva Place,Washington,79377,False
322,2023-08-25 14:48:43,7231610795617933,286,Bell Terrace,South Dakota,91147,False
323,2023-08-24 14:48:46,8084146892716447,29,Wade Meadow Lane,New York,69918,False
324,2023-08-23 14:48:51,1226746906821177,239,Hudson,Missouri,82148,True
325,2023-08-22 14:48:45,6423048627442736,899,Duval Court,Louisiana,36292,True
326,2023-08-21 14:48:48,6707318253395254,539,Swallow Court,Minnesota,93165,True
327,2023-08-20 14:49:01,3427724250762428,255,Ware Way,Virginia,80550,False
328,2023-08-19 14:49:00,7255618190424872,498,Cypress Point,Oregon,27513,False
329,2023-08-18 14:48:25,5994456935940290,703,Pardo Place,South Dakota,74711,True
330,2023-08-17 14:48:52,7642130830160467,759,Acorn Court,California,75977,True
331,2023-08-16 14:48:17,3169915026826115,19,Water,Rhode Island,97062,False
332,2023-08-15 14:48:45,9444036008757639,405,Wade Meadow Lane,Texas,32467,True
333,2023-08-14 14:48:56,5137582907179887,303,Mission Hills Trail,Utah,55828,False
334,2023-08-13 14:48:49,5967762199929231,865,Cypress Point,California,28378,False
335,2023-08-12 14:48:53,9396462217833482,435,Maple,Minnesota,58954,False
336,2023-08-11 14:48:38,2735283666498282,867,Mission Hills Trail,New Mexico,30579,True
337,2023-08-10 14:49:07,5528966052959010,2,Gaskin Place,Hawaii,61190,True
338,2023-08-09 14:49:08,8864090666960381,215,Wade Meadow Lane,South Dakota,12415,False
339,2023-08-08 14:48:52,4467737777921157,580,Talley Ridge Drive,of Columbia,38350,True
340,2023-08-07 14:48:17,9142611539928225,237,Acorn Court,Guam,94527,True
341,2023-08-06 14:49:01,1012209999751828,157,Thornberry,Michigan,34172,False
342,2023-08-05 14:48:30,3715983776462359,720,Gatsby Lane,Nevada,79026,True
343,2023-08-04 14:48:44,3911327823661219,584,Wade Meadow Lane,Louisiana,60602,True
344,2023-08-03 14:48:29,6174794789013849,4,Cypress Point,Colorado,33546,False
345,2023-08-02 14:48:58,1322031497433225,787,Bell Terrace,West Virginia,84271,True
346,2023-08-01 14:48:37,2655376271435234,152,Yuma Place,Connecticut,92141,True
347,2023-07-31 14:48:23,9517516791962525,281,Waalker Loop,Guam,11731,True
348,2023-07-30 14:48:27,6502147002753892,602,Lock Street,Nevada,30923,False
349,2023-07-29 14:48:56,3307495979129267,953,Swallow Court,Pennsylvania,25373,True
350,2023-07-28 14:48:44,8532997637098804,347,Rogers Road,Oregon,13152,False
351,2023-07-27 14:49:04,3164344928146886,243,Rogers Road,Indiana,99890,False
352,2023-07-26 14:48:54,7018189981135855,653,Iron Oak Way,Alaska,88992,False
353,2023-07-25 14:48:18,4749761405990407,491,Miranda Way,Rhode Island,11676,True
354,2023-07-24 14:49:00,1243088825464955,101,Bell Terrace,Montana,66677,True
355,2023-07-23 14:48:54,5693544251022747,65,Waalker Loop,Colorado,21646,True
356,2023-07-22 14:48:41,5950925769704219,662,Rose Path,West Virginia,62109,False
357,2023-07-21 14:48:23,1193699336597027,14,Gatsby Lane,District ,39246,True
358,2023-07-20 14:48:31,6183380452263180,14,Wade Meadow Lane,South Carolina,27555,True
359,2023-07-19 14:48:16,3146281358855413,860,Talley Ridge Drive,Tennessee,59902,True
360,2023-07-18 14:48:19,3322094871880616,845,Elm,Virgin Islands,40018,True
361,2023-07-17 14:48:31,9817336517551300,220,Rogers Road,Massachusetts,37916,True
362,2023-07-16 14:48:42,4755181792616158,174,Iron Oak Way,Ohio,19703,True
363,2023-07-15 14:48:27,2475812893596247,829,Iva Place,Arkansas,66901,True
364,2023-07-14 14:49:04,3067747742599449,490,Rogers Road,Oregon,12645,True
365,2023-07-13 14:48:34,1090063606331730,625,Swallow Court,Arizona,68973,False
366,2023-07-12 14:48:13,8016562090789759,314,Mission Hills Trail,Idaho,65398,True
367,2023-07-11 14:48:33,9280560782598850,259,Mission Hills Trail,Arkansas,33659,False
368,2023-07-10 14:48:29,4810608170589028,727,Miranda Way,New Mexico,82616,False
369,2023-07-09 14:48:22,1989493861446752,977,Moore Terrace,Virginia,17269,False
370,2023-07-08 14:48:33,7907312976237053,953,Iva Place,New Hampshire,14776,True
371,2023-07-07 14:49:09,2673022361202416,325,Duval Court,Montana,39490,True
372,2023-07-06 14:48:21,8505545992034717,963,Gaskin Place,Pennsylvania,29304,False
373,2023-07-05 14:48:28,7798076844630676,751,Rogers Road,California,89722,True
374,2023-07-04 14:48:21,5717559514596266,955,Caulk Court,Illinois,70410,True
375,2023-07-03 14:48:22,5850332966534557,373,Iva Place,Wyoming,90150,True
376,2023-07-02 14:48:46,1312548919238130,969,Hudson,Georgia,46948,False
377,2023-07-01 14:48:43,7651804438311501,462,Ware Way,New Hampshire,62161,True
378,2023-06-30 14:48:56,2784315264321918,910,Bell Terrace,Colorado,14250,True
379,2023-06-29 14:49:09,2068291900892023,558,Gatsby Lane,Nevada,96984,False
380,2023-06-28 14:48:57,2710600520771995,716,Bell Terrace,New Mexico,95182,False
381,2023-06-27 14:48:47,4049918183423850,875,Gaskin Place,New Jersey,72438,True
382,2023-06-26 14:48:46,7622659075017367,628,Water,Alabama,25684,True
383,2023-06-25 14:48:15,5998113594243808,608,Yuma Place,Washington,31760,True
384,2023-06-24 14:48:33,5253260743238079,720,Gatsby Lane,Nebraska,54631,True
385,2023-06-23 14:49:05,5406586471987444,111,Yuma Place,Washington,15409,True
386,2023-06-22 14:48:41,7751472222612911,310,Pardo Place,Maine,72054,True
387,2023-06-21 14:48:53,4704555540116667,508,Iron Oak Way,Mississippi,99154,True
388,2023-06-20 14:48:17,5316876226928452,202,Sherwood Street,Minnesota,25505,False
389,2023-06-19 14:48:22,2366754675085854,810,Ware Way,Puerto Rico,48147,False
390,2023-06-18 14:48:29,3210343004855426,69,Hudson,Ohio,18213,True
391,2023-06-17 14:49:02,1738063452265924,820,Pardo Place,California,56785,True
392,2023-06-16 14:48:13,4720164346354888,403,Iron Oak Way,South Carolina,57075,True
393,2023-06-15 14:48:13,7424666311485617,342,Caulk Court,Colorado,12191,False
394,2023-06-14 14:48:36,2958798206822851,933,Paradise Drive,Virginia,33007,False
395,2023-06-13 14:48:55,5420558185634344,810,Duval Court,Delaware,81138,True
396,2023-06-12 14:49:05,9978496989505260,455,Water,Nevada,11681,False
397,2023-06-11 14:49:03,5458304753578319,374,Iron Oak Way,Montana,28400,False
398,2023-06-10 14:48:54,6565696034245439,837,Moore Terrace,Puerto Rico,79552,False
399,2023-06-09 14:48:42,8871919939490392,958,Maple,Alabama,13367,False
400,2023-06-08 14:48:47,4103367125905295,45,Gatsby Lane,Washington,26398,True
401,2023-06-07 14:48:43,5165343322989790,860,Rogers Road,Michigan,64744,False
402,2023-06-06 14:48:27,7941260353920920,663,Waalker Loop,Virginia,15584,True
403,2023-06-05 14:48:18,7557849176882124,146,Mistwood Lane,New Mexico,57761,True
404,2023-06-04 14:48:13,9779219389579898,337,Elm,Iowa,81032,True
405,2023-06-03 14:48:27,2469394977240095,530,Walnut,Colorado,72163,False
406,2023-06-02 14:48:45,4431862392614301,285,Elm,North Carolina,46052,True
407,2023-06-01 14:49:05,3888453603694568,299,Duval Court,Ohio,26611,False
408,2023-05-31 14:49:09,1164267793973052,777,Iron Oak Way,Hawaii,42256,False
409,2023-05-30 14:48:18,5691572931933605,550,Iva Place,Wisconsin,77621,False
410,2023-05-29 14:48:31,7921653925734873,458,Main,Alaska,99009,True
411,2023-05-28 14:48:22,8471448898128950,734,Gaskin Place,Utah,42131,False
412,2023-05-27 14:48:22,1603391333637164,495,Mission Hills Trail,Nebraska,79369,False
413,2023-05-26 14:48:33,1529981106210509,539,Bell Terrace,American Samoa,41620,True
414,2023-05-25 14:48:49,4617676247686881,977,Yuma Place,Arkansas,98511,True
415,2023-05-24 14:49:01,9707340132702770,27,Acorn Court,Maryland,22492,False
416,2023-05-23 14:48:41,7343141784193812,353,Maple,Massachusetts,57022,True
417,2023-05-22 14:48:29,1718609122181966,101,Hudson,Maine,95203,False
418,2023-05-21 14:48:55,8942187878832507,878,Gatsby Lane,Texas,96693,True
419,2023-05-20 14:48:43,4907987062165356,257,Iron Oak Way,of Columbia,54007,True
420,2023-05-19 14:48:42,1851899501693959,295,Elm,Indiana,40460,True
421,2023-05-18 14:49:05,2216679184996561,65,Hudson,Minnesota,21344,True
422,2023-05-17 14:48:52,6234820132927074,502,Caulk Court,New Mexico,50527,True
423,2023-05-16 14:49:08,8724000987314234,679,Paradise Drive,North Dakota,13479,False
424,2023-05-15 14:49:01,2219768532810746,824,Waalker Loop,Connecticut,78957,True
425,2023-05-14 14:48:57,4273949386081638,666,Paradise Drive,Oregon,34309,False
426,2023-05-13 14:49:05,8210277444178220,865,Rogers Road,Connecticut,78251,True
427,2023-05-12 14:48:44,2746369788340737,807,Cypress Point,Alabama,31916,False
428,2023-05-11 14:48:55,6948271204950976,993,Lock Street,North Dakota,97915,True
429,2023-05-10 14:48:33,7750012109059615,238,Rose Path,Kansas,77759,False
430,2023-05-09 14:48:57,1550212314341587,744,Swallow Court,Arkansas,39209,False
431,2023-05-08 14:49:09,9172995825477972,559,Main,Oregon,51306,True
432,2023-05-07 14:48:29,3147004354479153,30,Acorn Court,Alaska,30142,False
433,2023-05-06 14:49:01,1220874723193136,498,Elm,South Dakota,60414,True
434,2023-05-05 14:48:14,7520864562983423,630,Elm,Nebraska,72719,True
435,2023-05-04 14:48:42,8124378021932957,44,Waalker Loop,Hawaii,33601,False
436,2023-05-03 14:48:26,3487892379753274,33,Caulk Court,New York,92314,True
437,2023-05-02 14:49:04,1191976467974420,701,Walnut,Tennessee,62949,True
438,2023-05-01 14:48:17,2048443097827222,220,Moore Terrace,Tennessee,24524,True
439,2023-04-30 14:49:08,4536840475340038,291,Waalker Loop,South Dakota,86575,False
440,2023-04-29 14:48:57,7331638257937820,230,Main,Oklahoma,85259,True
441,2023-04-28 14:48:35,9630893146011721,599,Rose Path,Louisiana,13978,True
442,2023-04-27 14:48:14,9181744492337857,576,Acorn Court,Arizona,33238,True
443,2023-04-26 14:48:15,3255177985173476,456,Lock Street,Vermont,68432,False
444,2023-04-25 14:48:19,7088565908664411,172,Rogers Road,Maryland,35393,False
445,2023-04-24 14:48:27,1542823084749793,132,Waalker Loop,Tennessee,83598,False
446,2023-04-23 14:48:34,3554270224561446,826,Hudson,Texas,52305,True
447,2023-04-22 14:48:40,1329787940144298,452,Moore Terrace,New York,84272,True
448,2023-04-21 14:49:00,3392879205487758,596,Hudson,Wisconsin,30776,False
449,2023-04-20 14:48:23,3903042417465208,793,Elm,South Dakota,69288,False
450,2023-04-19 14:48:55,2367717704859533,858,Duval Court,Washington,42589,True
451,2023-04-18 14:48:58,4397641132203632,917,Yuma Place,of Columbia,63453,False
452,2023-04-17 14:49:00,3850706965684873,746,Duval Court,Arkansas,92611,False
453,2023-04-16 14:48:29,1936831814497602,481,Rogers Road,Massachusetts,32107,True
454,2023-04-15 14:48:56,7029264428325788,698,Bexley Place,Connecticut,69138,False
455,2023-04-14 14:48:37,7967341796916386,193,Gaskin Place,Michigan,28401,False
456,2023-04-13 14:48:20,1840100879439598,880,Yuma Place,Nevada,12009,True
457,2023-04-12 14:48:36,2361687966774795,763,Wade Meadow Lane,Louisiana,53668,False
458,2023-04-11 14:48:13,6621284296006432,54,Mistwood Lane,Nebraska,69657,False
459,2023-04-10 14:48:22,9045592469542781,703,Caulk Court,Connecticut,33161,True
460,2023-04-09 14:48:23,1608625507877830,318,Pardo Place,Florida,83475,True
461,2023-04-08 14:49:06,8652403481129987,947,Swallow Court,Virgin Islands,60583,False
462,2023-04-07 14:48:30,8748311811012950,448,Wade Meadow Lane,Kentucky,78642,True
463,2023-04-06 14:49:04,9208425716724180,162,Cypress Point,Rhode Island,65278,False
464,2023-04-05 14:48:48,2153530863287973,950,Mission Hills Trail,Massachusetts,13273,False
465,2023-04-04 14:49:09,4152186970054577,236,Paradise Drive,Utah,96140,True
466,2023-04-03 14:48:50,9474013632971681,14,Cypress Point,Colorado,88679,False
467,2023-04-02 14:48:22,9910397360683530,214,Swallow Court,District ,33678,False
468,2023-04-01 14:48:53,8510685613234024,329,Duval Court,Missouri,83286,True
469,2023-03-31 14:48:53,1445126105796535,959,Bexley Place,Vermont,38462,True
470,2023-03-30 14:49:03,9883990798580658,147,Sherwood Street,Missouri,84128,False
471,2023-03-29 14:48:54,4379918320003756,452,Gatsby Lane,Arkansas,54091,False
472,2023-03-28 14:48:47,8510241345141809,891,Rogers Road,North Carolina,19397,True
473,2023-03-27 14:48:24,8193000965149416,22,Paradise Drive,Pennsylvania,57965,True
474,2023-03-26 14:48:31,7556574086985188,700,Water,of Columbia,79838,True
475,2023-03-25 14:49:06,2295491162404604,706,Maple,Utah,48590,True
476,2023-03-24 14:48:59,2625168353734489,669,Iron Oak Way,Utah,83718,False
477,2023-03-23 14:48:53,6736097202360524,231,Talley Ridge Drive,Texas,30822,True
478,2023-03-22 14:48:34,2416416111387060,910,Ware Way,South Carolina,15079,True
479,2023-03-21 14:49:08,1645934603795955,270,Yuma Place,Illinois,15702,False
480,2023-03-20 14:48:55,5972125185363601,711,Talley Ridge Drive,Hawaii,86434,True
481,2023-03-19 14:48:31,7644418798058851,543,Bexley Place,Nebraska,69820,False
482,2023-03-18 14:48:40,2834130563020886,232,Iron Oak Way,Puerto Rico,91210,False
483,2023-03-17 14:48:39,8502179774841837,707,Water,Montana,57005,True
484,2023-03-16 14:48:52,5525321333645444,895,Caulk Court,Idaho,35460,True
485,2023-03-15 14:48:19,8930412846763156,271,Sherwood Street,Ohio,90994,True
486,2023-03-14 14:49:03,4849879412565757,389,Bell Terrace,Maryland,89155,False
487,2023-03-13 14:48:42,2604653167886587,880,Walnut,American Samoa,39415,False
488,2023-03-12 14:48:54,4306002668512146,253,Bell Terrace,Wisconsin,88032,False
489,2023-03-11 14:49:02,1735535163111821,994,Wade Meadow Lane,Louisiana,53499,True
490,2023-03-10 14:48:50,4356984575431582,38,Sherwood Street,Arizona,62544,False
491,2023-03-09 14:48:37,4908561785139481,1,Cypress Point,Alabama,62789,True
492,2023-03-08 14:48:36,6853777051959494,533,Waalker Loop,Rhode Island,36854,True
493,2023-03-07 14:48:56,7023083089052676,291,Duval Court,Pennsylvania,75997,True
494,2023-03-06 14:48:26,9049555005258313,199,Talley Ridge Drive,Rhode Island,73003,True
495,2023-03-05 14:48:22,8420240683941482,799,Iva Place,Texas,74197,True
496,2023-03-04 14:49:09,4754764674340161,679,Caulk Court,Oregon,52293,True
497,2023-03-03 14:48:14,6372941730502177,251,Swallow Court,Florida,57578,True
498,2023-03-02 14:49:01,3620112624453999,607,Hudson,Hawaii,52624,False
499,2023-03-01 14:48:48,4444873781405599,448,Swallow Court,Washington,90423,True
500,2023-02-28 14:48:19,1459722639468766,933,Iva Place,Arizona,52036,False
501,2023-02-27 14:48:12,7438635373110010,17,Iron Oak Way,Arizona,58518,True
502,2023-02-26 14:48:58,1213233881202264,294,Sherwood Street,Minnesota,78311,True
503,2023-02-25 14:48:46,5473563297507373,9,Acorn Court,West Virginia,26160,True
504,2023-02-24 14:49:06,2503159706386038,464,Acorn Court,New York,98061,False
505,2023-02-23 14:48:31,2075020809191498,288,Yuma Place,Ohio,72337,True
506,2023-02-22 14:48:54,4235893956812412,56,Swallow Court,Oklahoma,52498,True
507,2023-02-21 14:48:54,6821541851462018,50,Mistwood Lane,North Dakota,48210,True
508,2023-02-20 14:49:03,8898517478293685,368,Rogers Road,Alaska,37657,True
509,2023-02-19 14:48:32,8582275939299918,817,Yuma Place,Missouri,40618,False
510,2023-02-18 14:48:38,3221602914747829,239,Yuma Place,Puerto Rico,61720,False
511,2023-02-17 14:49:08,7858434380050815,436,Swallow Court,Florida,95606,False
512,2023-02-16 14:49:01,6052679130790407,687,Ware Way,District ,30647,False
513,2023-02-15 14:48:38,7973523791085957,646,Rose Path,South Carolina,90117,False
514,2023-02-14 14:48:56,4214675272035874,256,Thornberry,Texas,50321,False
515,2023-02-13 14:48:55,6920181072522314,744,Lock Street,Alaska,40563,False
516,2023-02-12 14:48:18,7413455844816077,638,Caulk Court,North Carolina,21400,True
517,2023-02-11 14:48:45,5822317440240841,752,Cypress Point,Idaho,27571,False
518,2023-02-10 14:48:53,2768585781112612,870,Miranda Way,Delaware,19064,True
519,2023-02-09 14:48:35,3887180780971122,332,Duval Court,of Columbia,74137,False
520,2023-02-08 14:48:45,8462967818851166,106,Cypress Point,Delaware,91981,False
521,2023-02-07 14:48:29,5557178085764869,97,Walnut,American Samoa,35248,True
522,2023-02-06 14:48:57,3357453124038110,294,Talley Ridge Drive,Montana,77893,False
523,2023-02-05 14:48:16,7642335155912860,599,Duval Court,Washington,77511,False
524,2023-02-04 14:48:35,7377890306896582,469,Duval Court,Montana,33742,True
525,2023-02-03 14:48:19,6930441187533584,628,Bell Terrace,Florida,36199,True
526,2023-02-02 14:48:19,6846224365083166,396,Elm,Idaho,79609,False
527,2023-02-01 14:48:45,2847278197044739,138,Iron Oak Way,Oregon,18943,False
528,2023-01-31 14:48:32,1066517324224001,771,Lock Street,South Dakota,31433,True
529,2023-01-30 14:49:02,9953091278044007,195,Iron Oak Way,of Columbia,25658,False
530,2023-01-29 14:48:14,5541510054401737,249,Main,Minnesota,86878,False
531,2023-01-28 14:48:24,7493045564304133,304,Paradise Drive,Alaska,93213,False
532,2023-01-27 14:48:42,3470279407658004,204,Bexley Place,Hawaii,94876,False
533,2023-01-26 14:48:41,2723206393229617,480,Iron Oak Way,Indiana,76612,True
534,2023-01-25 14:49:05,6185228030385329,185,Cypress Point,Connecticut,44805,True
535,2023-01-24 14:48:53,3300884468040723,126,Bell Terrace,Massachusetts,23990,True
536,2023-01-23 14:48:14,1698109788047870,862,Iron Oak Way,Washington,26710,True
537,2023-01-22 14:48:19,4059469863241645,801,Acorn Court,Illinois,15941,True
538,2023-01-21 14:48:30,1352000270901409,58,Iron Oak Way,North Dakota,53196,False
539,2023-01-20 14:48:13,8315167154795216,767,Waalker Loop,Ohio,48084,False
540,2023-01-19 14:48:36,1860396137423998,927,Acorn Court,Indiana,17741,False
541,2023-01-18 14:48:35,6163830411287776,188,Hudson,Mississippi,17153,True
542,2023-01-17 14:48:59,6435130172083674,265,Paradise Drive,South Dakota,98692,False
543,2023-01-16 14:48:16,4896593965315067,29,Cypress Point,Nevada,80772,False
544,2023-01-15 14:48:47,3934216424135946,845,Bexley Place,Georgia,25551,False
545,2023-01-14 14:48:11,6847872621521817,751,Walnut,Alabama,10856,False
546,2023-01-13 14:48:16,7060229072339506,634,Iron Oak Way,Colorado,69343,False
547,2023-01-12 14:48:16,5818336797780178,421,Talley Ridge Drive,Nevada,60467,True
548,2023-01-11 14:48:31,3722609545788897,947,Maple,Montana,24055,False
549,2023-01-10 14:48:27,7959162962515840,657,Acorn Court,Montana,50388,True
550,2023-01-09 14:49:06,1218445469786545,448,Duval Court,Massachusetts,18028,True
551,2023-01-08 14:48:50,3587239933331325,300,Gaskin Place,Rhode Island,71175,True
552,2023-01-07 14:48:48,2025013904368147,266,Iron Oak Way,Louisiana,37992,True
553,2023-01-06 14:49:06,9680799490903844,215,Maple,Montana,38680,True
554,2023-01-05 14:48:31,4405705564897942,546,Pardo Place,North Dakota,23263,False
555,2023-01-04 14:48:36,3718691164808274,393,Mistwood Lane,California,12298,True
556,2023-01-03 14:49:09,8901002084953207,549,Cypress Point,Wyoming,42422,True
557,2023-01-02 14:48:21,1006689488656632,560,Iva Place,American Samoa,90141,False
558,2023-01-01 14:48:13,3161331283490072,322,Miranda Way,Iowa,43075,True
559,2022-12-31 14:48:59,6699286123824886,668,Yuma Place,California,95408,True
560,2022-12-30 14:48:56,4812546926964899,254,Duval Court,New Hampshire,55833,True
561,2022-12-29 14:49:06,9428134843275424,629,Pardo Place,New Mexico,10071,False
562,2022-12-28 14:49:03,1096200873967068,860,Main,North Carolina,65441,False
563,2022-12-27 14:48:36,6463214797820766,980,Maple,Missouri,60792,False
564,2022-12-26 14:48:24,8313715549482451,923,Mistwood Lane,Illinois,83985,True
565,2022-12-25 14:48:58,2289887987036636,918,Moore Terrace,of Columbia,95811,False
566,2022-12-24 14:48:15,2296871540043476,778,Acorn Court,Idaho,97377,False
567,2022-12-23 14:49:07,4646767547470733,289,Acorn Court,Mississippi,36271,False
568,2022-12-22 14:48:19,5392755508634420,976,Moore Terrace,Texas,15071,True
569,2022-12-21 14:48:12,1355578113055049,858,Water,Virginia,29111,True
570,2022-12-20 14:48:52,3200250794626396,542,Main,Oregon,43023,True
571,2022-12-19 14:48:17,5849412110413571,63,Wade Meadow Lane,Tennessee,15515,True
572,2022-12-18 14:48:21,8724480817507225,426,Hudson,Arkansas,79930,True
573,2022-12-17 14:48:22,4718873766321413,326,Water,Ohio,27769,True
574,2022-12-16 14:48:31,5769736184076016,447,Yuma Place,Nevada,35951,False
575,2022-12-15 14:48:47,2603072872855117,823,Iva Place,Idaho,79107,False
576,2022-12-14 14:49:01,2833875482716548,151,Moore Terrace,Indiana,90393,False
577,2022-12-13 14:48:48,9415441786949603,96,Rogers Road,American Samoa,16667,True
578,2022-12-12 14:48:41,9339785171514253,33,Iron Oak Way,Minnesota,23333,False
579,2022-12-11 14:48:19,5023431313113387,833,Lock Street,Idaho,89932,False
580,2022-12-10 14:48:17,4017384900100077,944,Talley Ridge Drive,South Dakota,47302,False
581,2022-12-09 14:48:33,7592946819202144,222,Lock Street,South Dakota,16720,True
582,2022-12-08 14:48:31,2622876840162962,68,Lock Street,Minnesota,92896,True
583,2022-12-07 14:48:11,8132572043333409,501,Bell Terrace,Iowa,55894,False
584,2022-12-06 14:49:08,3312115768126324,276,Bexley Place,Arizona,68892,False
585,2022-12-05 14:48:51,4670437721967991,528,Maple,Alaska,31186,False
586,2022-12-04 14:48:45,1735368629036926,369,Iron Oak Way,Louisiana,66711,True
587,2022-12-03 14:49:06,5798786441139225,400,Bexley Place,Tennessee,94971,True
588,2022-12-02 14:48:15,3304173769725566,143,Gaskin Place,Texas,13253,False
589,2022-12-01 14:48:54,9662574150988834,820,Iva Place,Indiana,33764,False
590,2022-11-30 14:49:01,5053549623067075,384,Cypress Point,Alaska,40771,True
591,2022-11-29 14:48:46,8323774158752394,707,Lock Street,Colorado,95000,False
592,2022-11-28 14:48:54,3455073139526628,801,Sherwood Street,Indiana,93061,True
593,2022-11-27 14:48:34,9882609506361591,699,Gatsby Lane,Maryland,46255,True
594,2022-11-26 14:48:55,9415219719047128,35,Caulk Court,District ,69795,False
595,2022-11-25 14:48:15,1082613981757088,354,Mistwood Lane,Delaware,47162,False
596,2022-11-24 14:48:20,8277721813056828,418,Walnut,Hawaii,22786,False
597,2022-11-23 14:48:11,9004053573293786,82,Walnut,Tennessee,57825,True
598,2022-11-22 14:49:01,2751046529988046,965,Gatsby Lane,Illinois,44430,False
599,2022-11-21 14:48:43,8002222257154700,549,Pardo Place,Alaska,36028,True
600,2022-11-20 14:49:06,3757409293095144,1,Duval Court,North Dakota,78093,True
601,2022-11-19 14:48:17,9312041584109298,903,Miranda Way,Minnesota,93071,True
602,2022-11-18 14:48:24,8572118103513791,270,Pardo Place,Delaware,75733,False
603,2022-11-17 14:48:22,3719306485808324,316,Caulk Court,Pennsylvania,99969,True
604,2022-11-16 14:49:07,1437248609986935,767,Sherwood Street,Indiana,23962,False
605,2022-11-15 14:49:08,5588562605390410,590,Duval Court,American Samoa,22221,True
606,2022-11-14 14:48:26,4187765199044911,950,Acorn Court,Washington,33970,False
607,2022-11-13 14:49:06,8662315463701953,733,Paradise Drive,Pennsylvania,43610,True
608,2022-11-12 14:48:24,7012310683727533,89,Elm,Rhode Island,95788,True
609,2022-11-11 14:48:35,4036329000889539,844,Mission Hills Trail,Wyoming,82223,False
610,2022-11-10 14:48:53,5461237276318260,343,Swallow Court,Oregon,93991,False
611,2022-11-09 14:48:47,1849415217689735,712,Lock Street,Florida,45343,False
612,2022-11-08 14:48:15,8900612093751863,355,Gatsby Lane,Ohio,37449,True
613,2022-11-07 14:48:25,1790627863412190,882,Iva Place,New Hampshire,80288,True
614,2022-11-06 14:48:33,5235312076240480,971,Iva Place,American Samoa,14231,True
615,2022-11-05 14:48:44,3450064860151500,868,Rogers Road,Kentucky,79541,True
616,2022-11-04 14:48:20,6688825715552678,939,Iva Place,West Virginia,82109,False
617,2022-11-03 14:48:28,9090708742535912,921,Gaskin Place,Massachusetts,83648,True
618,2022-11-02 14:48:49,7441886438917926,593,Gatsby Lane,Tennessee,43333,False
619,2022-11-01 14:48:48,2899462828248286,68,Caulk Court,Indiana,30987,True
620,2022-10-31 14:48:15,5593899985801426,555,Rogers Road,Ohio,45435,True
621,2022-10-30 14:48:44,8124865921714361,445,Moore Terrace,District ,89747,True
622,2022-10-29 14:48:16,6972904045480196,566,Duval Court,Michigan,15706,True
623,2022-10-28 14:48:34,5786326182095472,503,Maple,Montana,67083,True
624,2022-10-27 14:48:31,6391889983079668,802,Pardo Place,South Dakota,21457,True
625,2022-10-26 14:48:12,8608856537398443,658,Hudson,Kansas,66445,False
626,2022-10-25 14:48:58,8575895437863848,192,Ware Way,Georgia,89674,True
627,2022-10-24 14:48:51,7941665839703207,952,Miranda Way,Illinois,51242,True
628,2022-10-23 14:48:54,3488657566664458,301,Ware Way,Wyoming,67906,False
629,2022-10-22 14:49:06,3809413612061748,373,Walnut,Missouri,28843,True
630,2022-10-21 14:48:49,1324240687663418,648,Yuma Place,South Carolina,98287,True
631,2022-10-20 14:48:29,3382259135919214,695,Main,Virgin Islands,43161,False
632,2022-10-19 14:48:56,7386043242540052,58,Yuma Place,Connecticut,41345,False
633,2022-10-18 14:48:47,2943308570520631,105,Rose Path,Connecticut,80283,False
634,2022-10-17 14:48:17,7309200277299972,997,Main,Wisconsin,89204,True
635,2022-10-16 14:48:40,3433602979409957,406,Elm,Alaska,67260,False
636,2022-10-15 14:48:17,5538769307072173,758,Talley Ridge Drive,Puerto Rico,66361,False
637,2022-10-14 14:49:06,9670246494159174,440,Water,Arkansas,31670,False
638,2022-10-13 14:48:37,6602939219381722,120,Lock Street,American Samoa,10577,True
639,2022-10-12 14:48:36,6117672262749629,214,Waalker Loop,South Carolina,61613,False
640,2022-10-11 14:48:45,2965344906100006,703,Gatsby Lane,New York,63442,True
641,2022-10-10 14:49:02,2927921770313218,755,Acorn Court,Alaska,52337,False
642,2022-10-09 14:48:36,6315750789579597,74,Yuma Place,Tennessee,44171,True
643,2022-10-08 14:48:47,1744523081661139,389,Waalker Loop,Wisconsin,26477,True
644,2022-10-07 14:48:52,8408249873517327,165,Iron Oak Way,New Hampshire,67618,True
645,2022-10-06 14:48:23,7538575392249581,477,Paradise Drive,Montana,47384,True
646,2022-10-05 14:48:12,3166326200694321,791,Lock Street,Alabama,37877,False
647,2022-10-04 14:48:21,4518215295263390,294,Wade Meadow Lane,South Carolina,67610,False
648,2022-10-03 14:48:58,2046291516328125,491,Walnut,Indiana,56631,True
649,2022-10-02 14:49:09,1388172055121038,87,Rogers Road,Georgia,62990,True
650,2022-10-01 14:48:37,9380610550665441,953,Mistwood Lane,Massachusetts,34599,True
651,2022-09-30 14:48:14,1935870547266153,94,Waalker Loop,American Samoa,26806,False
652,2022-09-29 14:48:54,2431975006487683,182,Gatsby Lane,Louisiana,23398,False
653,2022-09-28 14:48:30,7114514049916553,49,Mistwood Lane,Florida,39127,False
654,2022-09-27 14:48:36,5941178649717094,671,Iva Place,Montana,82375,True
655,2022-09-26 14:48:59,5597794752941097,514,Mission Hills Trail,Massachusetts,13590,False
656,2022-09-25 14:49:03,3076204194883012,92,Bell Terrace,Oregon,68073,True
657,2022-09-24 14:48:24,6325005016019043,276,Gaskin Place,North Dakota,17166,False
658,2022-09-23 14:48:29,1277745097910015,952,Duval Court,Minnesota,85255,False
659,2022-09-22 14:48:48,8821583357638381,463,Mission Hills Trail,Mississippi,11236,False
660,2022-09-21 14:48:44,2962676373079055,352,Yuma Place,Puerto Rico,94863,True
661,2022-09-20 14:48:45,8538368185642007,874,Swallow Court,Virgin Islands,44037,False
662,2022-09-19 14:48:47,1682754500662168,33,Lock Street,Alabama,43367,True
663,2022-09-18 14:49:05,2863939859247172,321,Duval Court,Utah,20051,False
664,2022-09-17 14:49:00,2373044633160989,498,Lock Street,Tennessee,16688,False
665,2022-09-16 14:49:04,1160896410572958,337,Walnut,American Samoa,66545,False
666,2022-09-15 14:49:02,1378699935887928,504,Duval Court,Illinois,82067,False
667,2022-09-14 14:48:53,1679936611968082,132,Walnut,Tennessee,39804,True
668,2022-09-13 14:48:57,7894724809401933,760,Yuma Place,South Carolina,50776,True
669,2022-09-12 14:48:13,8661739472147557,753,Bexley Place,Guam,98420,True
670,2022-09-11 14:48:48,3117633595402998,511,Waalker Loop,Virgin Islands,15283,True
671,2022-09-10 14:49:07,2524440199800334,721,Mistwood Lane,American Samoa,15867,True
672,2022-09-09 14:48:56,5756778253098962,633,Ware Way,Idaho,93660,False
673,2022-09-08 14:48:16,8819167124028033,764,Caulk Court,Missouri,31034,False
674,2022-09-07 14:49:09,4170110297551314,293,Mission Hills Trail,North Dakota,48652,True
675,2022-09-06 14:48:15,4717098070904104,440,Ware Way,Oklahoma,49564,False
676,2022-09-05 14:48:30,5306158361690565,848,Lock Street,Arkansas,52606,False
677,2022-09-04 14:49:06,9251260124919382,972,Main,Indiana,75214,True
678,2022-09-03 14:48:28,8498492117090943,89,Water,Rhode Island,71494,True
679,2022-09-02 14:48:51,6776553927909545,604,Talley Ridge Drive,American Samoa,38635,True
680,2022-09-01 14:48:56,6289913021379513,762,Rose Path,New Hampshire,48578,False
681,2022-08-31 14:48:56,4184543118020683,350,Yuma Place,Louisiana,55599,False
682,2022-08-30 14:48:17,1748703540323502,150,Waalker Loop,of Columbia,27882,True
683,2022-08-29 14:48:50,2917855358936556,48,Mission Hills Trail,Minnesota,47964,False
684,2022-08-28 14:48:27,4167921369881489,91,Miranda Way,Texas,25953,True
685,2022-08-27 14:48:34,5393728489381126,152,Caulk Court,New Mexico,79931,True
686,2022-08-26 14:49:06,9310629127939380,487,Sherwood Street,Louisiana,25398,True
687,2022-08-25 14:48:18,6351373273250652,234,Thornberry,Maine,12026,True
688,2022-08-24 14:49:01,6720922772718192,882,Rogers Road,Virgin Islands,72967,True
689,2022-08-23 14:48:28,3463478790176547,917,Lock Street,Illinois,29700,False
690,2022-08-22 14:48:26,9723047125787796,567,Main,Nebraska,42580,False
691,2022-08-21 14:48:54,6050399518743940,348,Gaskin Place,Louisiana,94964,False
692,2022-08-20 14:48:15,9591618189499387,916,Cypress Point,Texas,21585,True
693,2022-08-19 14:48:17,7496237243719358,265,Main,Arizona,66870,True
694,2022-08-18 14:48:12,4430418256062330,373,Swallow Court,New Jersey,55901,False
695,2022-08-17 14:48:32,1801693549728199,903,Bell Terrace,Connecticut,73455,False
696,2022-08-16 14:48:29,7294365497476430,399,Maple,Hawaii,34109,True
697,2022-08-15 14:48:57,6750554805330426,151,Thornberry,Nevada,84095,True
698,2022-08-14 14:48:29,5099489864196907,67,Wade Meadow Lane,North Dakota,39851,False
699,2022-08-13 14:48:41,8318018369799524,245,Iron Oak Way,South Carolina,27188,True
700,2022-08-12 14:48:37,9527110266119012,671,Sherwood Street,North Dakota,28162,True
701,2022-08-11 14:48:18,2501249659588288,807,Acorn Court,Wisconsin,93929,True
702,2022-08-10 14:48:21,8388011062531816,65,Iron Oak Way,Virgin Islands,51410,True
703,2022-08-09 14:48:46,8729833563679784,457,Iva Place,Tennessee,32419,True
704,2022-08-08 14:48:30,7054485357656982,685,Miranda Way,Oklahoma,39761,True
705,2022-08-07 14:48:38,2328830940389841,354,Miranda Way,New Hampshire,95385,True
706,2022-08-06 14:48:24,8081386737951452,907,Water,Utah,68584,True
707,2022-08-05 14:48:19,7952649317514132,120,Mission Hills Trail,Connecticut,59373,False
708,2022-08-04 14:48:48,7928938392472009,107,Duval Court,Michigan,84670,False
709,2022-08-03 14:48:30,2148556523731882,229,Duval Court,Illinois,27732,False
710,2022-08-02 14:49:04,3201497268193654,883,Duval Court,Wisconsin,52170,True
711,2022-08-01 14:48:18,4519414900391550,765,Mission Hills Trail,Guam,13769,True
712,2022-07-31 14:48:30,2431197625816850,240,Walnut,Guam,47771,True
713,2022-07-30 14:48:41,3040297985708051,868,Water,Florida,81509,True
714,2022-07-29 14:49:04,3006534515573512,611,Paradise Drive,District ,80512,True
715,2022-07-28 14:48:21,5458163970504194,685,Mistwood Lane,New Mexico,94619,False
716,2022-07-27 14:48:58,9134570400947825,471,Walnut,South Dakota,14141,False
717,2022-07-26 14:48:57,1248154986260860,657,Gaskin Place,Tennessee,22804,False
718,2022-07-25 14:48:59,8504928716954152,387,Rogers Road,Nebraska,46936,True
719,2022-07-24 14:48:31,7977287332311748,855,Duval Court,Virginia,36770,True
720,2022-07-23 14:49:00,8199751537714906,332,Pardo Place,New York,30501,False
721,2022-07-22 14:48:23,4569636375285606,755,Moore Terrace,Maryland,18788,True
722,2022-07-21 14:48:34,2402075319832740,904,Hudson,California,93469,False
723,2022-07-20 14:48:42,9728640564389307,946,Swallow Court,Oklahoma,53599,True
724,2022-07-19 14:49:01,1558999619322964,779,Paradise Drive,Vermont,84461,True
725,2022-07-18 14:48:41,9830067046258867,430,Paradise Drive,Vermont,71721,False
726,2022-07-17 14:48:25,3455294562770375,319,Main,Colorado,82876,True
727,2022-07-16 14:48:32,7327230186463635,354,Thornberry,Colorado,38028,True
728,2022-07-15 14:49:03,2795992097351593,152,Gaskin Place,Texas,94257,False
729,2022-07-14 14:48:35,9421308261420783,560,Maple,Indiana,63711,True
730,2022-07-13 14:48:46,3100099876892884,727,Elm,Virgin Islands,96495,True
731,2022-07-12 14:48:36,8467227559652037,373,Iva Place,Mississippi,94929,False
732,2022-07-11 14:48:20,6680737982968945,562,Rose Path,Connecticut,82344,False
733,2022-07-10 14:48:36,3913427158674844,206,Gaskin Place,Michigan,17392,True
734,2022-07-09 14:49:03,6185400814985074,151,Gaskin Place,Washington,85262,True
735,2022-07-08 14:49:08,1266621558737873,247,Iva Place,Virgin Islands,74073,True
736,2022-07-07 14:48:21,2772764298065327,876,Moore Terrace,Colorado,51856,True
737,2022-07-06 14:48:42,1314579250764332,748,Rogers Road,Arkansas,57451,True
738,2022-07-05 14:49:04,7564258482206450,1,Mistwood Lane,South Dakota,71059,False
739,2022-07-04 14:48:59,7128525129797917,811,Duval Court,Hawaii,39492,True
740,2022-07-03 14:48:16,4691924428828180,126,Talley Ridge Drive,Guam,46939,True
741,2022-07-02 14:48:13,4785478600964358,13,Walnut,Montana,95723,True
742,2022-07-01 14:48:27,5016222859747047,820,Waalker Loop,Vermont,66203,True
743,2022-06-30 14:48:12,9665170201869825,106,Caulk Court,Iowa,96530,True
744,2022-06-29 14:49:08,6584230445300578,832,Thornberry,Hawaii,70330,True
745,2022-06-28 14:49:04,1236315115606044,460,Bexley Place,Massachusetts,23226,False
746,2022-06-27 14:48:12,9584366692533096,403,Pardo Place,Indiana,34951,True
747,2022-06-26 14:48:48,8101116263961529,682,Cypress Point,Kansas,38337,False
748,2022-06-25 14:48:41,3315982137857126,563,Bell Terrace,Tennessee,91848,False
749,2022-06-24 14:48:56,2755939551958198,475,Walnut,Delaware,36552,True
750,2022-06-23 14:48:52,7700242842424010,554,Maple,District ,60313,True
751,2022-06-22 14:49:07,9669701491400893,996,Waalker Loop,Tennessee,36410,False
752,2022-06-21 14:49:01,2735265236287835,760,Rogers Road,Iowa,63384,False
753,2022-06-20 14:48:49,4840159979997920,330,Swallow Court,American Samoa,85687,False
754,2022-06-19 14:48:13,4711604849432019,342,Maple,Virgin Islands,20512,False
755,2022-06-18 14:49:08,1332375457854852,840,Rogers Road,California,52628,True
756,2022-06-17 14:48:21,3134996755729345,200,Gatsby Lane,Maryland,12534,True
757,2022-06-16 14:49:07,1550614346021275,408,Gaskin Place,North Carolina,35337,True
758,2022-06-15 14:48:25,2941304176102842,772,Yuma Place,Ohio,30778,False
759,2022-06-14 14:48:48,2695525168441144,412,Bell Terrace,New Mexico,33069,True
760,2022-06-13 14:48:58,6934238199804030,514,Gatsby Lane,Alaska,49594,False
761,2022-06-12 14:48:59,7024245595309114,35,Mistwood Lane,West Virginia,64909,False
762,2022-06-11 14:48:55,3369770777246173,200,Talley Ridge Drive,Illinois,96128,False
763,2022-06-10 14:48:35,2503672751161671,884,Elm,Mississippi,20763,False
764,2022-06-09 14:48:57,7403280004525289,517,Lock Street,Idaho,83411,True
765,2022-06-08 14:49:02,9627332257218852,18,Main,District ,69840,False
766,2022-06-07 14:49:02,9472106957987824,754,Miranda Way,Oregon,68440,False
767,2022-06-06 14:48:30,6526603797873530,512,Thornberry,Rhode Island,48436,False
768,2022-06-05 14:48:31,6624601673707215,376,Gatsby Lane,Guam,26568,True
769,2022-06-04 14:49:05,6406534544142995,742,Moore Terrace,Idaho,21323,True
770,2022-06-03 14:48:16,8877289033460864,399,Water,Texas,26524,False
771,2022-06-02 14:48:36,7587023944301939,58,Maple,Puerto Rico,44804,False
772,2022-06-01 14:48:57,7835830986733214,408,Thornberry,Texas,63922,True
773,2022-05-31 14:48:11,4484982349345678,976,Iron Oak Way,Tennessee,20325,False
774,2022-05-30 14:49:05,4434873362404471,39,Water,Wisconsin,25299,False
775,2022-05-29 14:48:12,3988833353054470,168,Elm,Pennsylvania,14121,False
776,2022-05-28 14:49:02,5911999294905892,886,Hudson,Georgia,55899,False
777,2022-05-27 14:49:04,7469045297729047,86,Mistwood Lane,Rhode Island,85007,True
778,2022-05-26 14:49:06,1997248192149365,115,Walnut,North Carolina,33694,False
779,2022-05-25 14:48:30,3751985101056624,598,Maple,California,27145,False
780,2022-05-24 14:48:44,3598750255344590,950,Iva Place,District ,19843,True
781,2022-05-23 14:48:50,7516978704833085,77,Main,Virginia,97909,False
782,2022-05-22 14:48:30,9187120972564565,556,Duval Court,Illinois,79338,True
783,2022-05-21 14:48:49,4006133460974497,243,Iron Oak Way,Tennessee,59561,False
784,2022-05-20 14:48:22,3123852335278062,161,Talley Ridge Drive,Vermont,12892,False
785,2022-05-19 14:48:26,4522501966491700,888,Caulk Court,Delaware,67568,False
786,2022-05-18 14:48:18,4090146197985736,625,Mistwood Lane,Colorado,95910,False
787,2022-05-17 14:48:44,9301736205260536,451,Acorn Court,Vermont,57232,False
788,2022-05-16 14:49:09,2603656725181148,487,Caulk Court,Oregon,40493,True
789,2022-05-15 14:48:46,8715565885949724,863,Bexley Place,Connecticut,81086,False
790,2022-05-14 14:48:48,2616747700772393,571,Mistwood Lane,California,67076,True
791,2022-05-13 14:48:38,8065432010723708,442,Thornberry,Hawaii,10147,False
792,2022-05-12 14:48:21,1248115592934994,799,Ware Way,Vermont,71821,True
793,2022-05-11 14:48:18,5895443534309728,757,Waalker Loop,Georgia,32910,False
794,2022-05-10 14:48:37,3199623268668799,713,Caulk Court,Pennsylvania,62175,True
795,2022-05-09 14:48:58,1618850182585526,123,Paradise Drive,New York,99038,True
796,2022-05-08 14:48:16,1756030995663054,344,Lock Street,Oregon,20198,True
797,2022-05-07 14:48:49,6024369577022768,422,Rose Path,Maine,44005,False
798,2022-05-06 14:48:58,5239491855078211,23,Talley Ridge Drive,Hawaii,99772,False
799,2022-05-05 14:48:54,5208703709954203,736,Rogers Road,West Virginia,70318,False
800,2022-05-04 14:48:18,8077653041505562,200,Gatsby Lane,Oregon,25299,False
801,2022-05-03 14:48:53,7311527998606506,875,Pardo Place,Maryland,11207,True
802,2022-05-02 14:48:46,6453027635710602,742,Miranda Way,Illinois,31557,False
803,2022-05-01 14:49:07,3510913735464635,420,Ware Way,Colorado,28437,True
804,2022-04-30 14:48:12,9320016172909197,257,Waalker Loop,Idaho,62819,False
805,2022-04-29 14:48:36,4825877283506863,960,Gaskin Place,South Dakota,90712,False
806,2022-04-28 14:48:40,6795820211423318,609,Cypress Point,Florida,59836,False
807,2022-04-27 14:48:38,1758953429688182,82,Mistwood Lane,Vermont,60463,False
808,2022-04-26 14:48:42,3257017070276454,78,Miranda Way,Illinois,52713,False
809,2022-04-25 14:49:06,6871209333276751,281,Moore Terrace,Washington,34602,False
810,2022-04-24 14:48:58,5830248116870605,446,Thornberry,New Jersey,83409,True
811,2022-04-23 14:48:27,8960267811685921,819,Wade Meadow Lane,New York,41829,False
812,2022-04-22 14:48:35,6429816588856819,302,Waalker Loop,Utah,39915,False
813,2022-04-21 14:48:37,2656311143135076,139,Hudson,Virginia,22830,True
814,2022-04-20 14:48:44,2243754927715911,567,Mission Hills Trail,Rhode Island,18288,False
815,2022-04-19 14:48:28,2649647594871284,403,Acorn Court,Illinois,39599,False
816,2022-04-18 14:48:34,1471680269958699,27,Water,Puerto Rico,14189,False
817,2022-04-17 14:48:56,6907283128095955,739,Thornberry,Vermont,30255,False
818,2022-04-16 14:48:47,6632435674065143,480,Mission Hills Trail,Washington,36846,False
819,2022-04-15 14:49:01,7947117813886475,672,Bexley Place,Nebraska,41781,False
820,2022-04-14 14:48:56,8276112463991211,695,Moore Terrace,Maine,65163,True
821,2022-04-13 14:48:58,2716391835347904,221,Pardo Place,Oregon,18513,False
822,2022-04-12 14:49:08,4368435463679207,703,Wade Meadow Lane,New Mexico,58764,False
823,2022-04-11 14:48:59,4182329667594666,909,Thornberry,Ohio,81238,True
824,2022-04-10 14:48:36,3413613829521139,322,Duval Court,Wyoming,96588,False
825,2022-04-09 14:48:55,2797548793127923,690,Paradise Drive,Idaho,43730,True
826,2022-04-08 14:48:49,7297303076672453,547,Thornberry,Iowa,75082,True
827,2022-04-07 14:48:34,5186346520394001,15,Waalker Loop,Mississippi,26804,False
828,2022-04-06 14:48:44,9138175022489588,430,Walnut,South Dakota,68904,True
829,2022-04-05 14:48:19,7631774934787554,996,Ware Way,Iowa,30554,False
830,2022-04-04 14:48:55,7298024252288972,992,Iva Place,Alaska,53927,False
831,2022-04-03 14:48:52,6738065678734210,508,Sherwood Street,Utah,27782,True
832,2022-04-02 14:48:37,6266214021774525,8,Yuma Place,California,44341,True
833,2022-04-01 14:48:23,5604696381380206,380,Waalker Loop,Arkansas,94476,False
834,2022-03-31 14:48:37,9539340000449162,469,Gatsby Lane,Texas,47173,True
835,2022-03-30 14:48:25,2984522830448906,533,Gaskin Place,Hawaii,89569,True
836,2022-03-29 14:48:15,2081123117073399,389,Bexley Place,New Hampshire,48797,False
837,2022-03-28 14:48:30,8762770290778025,297,Duval Court,New Mexico,65236,True
838,2022-03-27 14:48:23,6435115152620855,773,Lock Street,Nebraska,37712,True
839,2022-03-26 14:48:30,5838663353316503,618,Walnut,Virginia,96613,True
840,2022-03-25 14:48:45,1050727815324532,648,Yuma Place,Tennessee,63050,True
841,2022-03-24 14:48:29,4795050403031998,184,Yuma Place,Washington,78037,False
842,2022-03-23 14:48:34,8635522147100068,249,Wade Meadow Lane,South Carolina,25974,False
843,2022-03-22 14:48:36,8531494175911289,393,Moore Terrace,Puerto Rico,36368,True
844,2022-03-21 14:48:59,6714296738455236,639,Maple,Georgia,96887,True
845,2022-03-20 14:48:14,9651960097842730,837,Acorn Court,Vermont,92457,True
846,2022-03-19 14:48:35,3077258375756509,802,Acorn Court,New Jersey,10695,False
847,2022-03-18 14:48:43,9529270149654966,70,Acorn Court,Idaho,30292,True
848,2022-03-17 14:48:13,1874738716359214,114,Walnut,Mississippi,80060,True
849,2022-03-16 14:48:58,6156766543494741,438,Caulk Court,Virginia,18030,False
850,2022-03-15 14:48:19,9586038534425438,757,Paradise Drive,Oklahoma,60703,True
851,2022-03-14 14:48:37,4204733599932282,374,Iron Oak Way,Mississippi,36824,True
852,2022-03-13 14:49:05,2818245822189119,183,Iva Place,Rhode Island,67222,False
853,2022-03-12 14:48:34,6781064109991769,799,Pardo Place,Massachusetts,83067,False
854,2022-03-11 14:49:04,8175535371677261,433,Hudson,Arkansas,18319,True
855,2022-03-10 14:48:38,6551283836100829,7,Acorn Court,West Virginia,71525,True
856,2022-03-09 14:48:50,2420868055936857,629,Cypress Point,New Jersey,21090,False
857,2022-03-08 14:48:13,9165932733416515,492,Acorn Court,Missouri,27475,False
858,2022-03-07 14:48:45,4447940691163408,50,Moore Terrace,Michigan,50889,False
859,2022-03-06 14:48:59,2241291236324366,518,Thornberry,Washington,73086,False
860,2022-03-05 14:48:52,6423379259842726,382,Bexley Place,Iowa,81986,True
861,2022-03-04 14:48:30,2383569687558043,768,Miranda Way,Missouri,87072,False
862,2022-03-03 14:48:46,2295117291277134,891,Rogers Road,Mississippi,13933,False
863,2022-03-02 14:48:17,3999518486017925,184,Maple,New Jersey,32824,False
864,2022-03-01 14:48:40,2926774440743369,299,Gaskin Place,Pennsylvania,75536,True
865,2022-02-28 14:48:19,6060843377073725,595,Thornberry,Utah,96709,False
866,2022-02-27 14:48:29,8022011073507970,22,Gatsby Lane,District ,19577,True
867,2022-02-26 14:48:20,9820289494415478,624,Iva Place,Michigan,77238,False
868,2022-02-25 14:48:16,9759736175212449,252,Swallow Court,Montana,81256,True
869,2022-02-24 14:48:12,1991260332116094,706,Water,Illinois,83685,False
870,2022-02-23 14:48:26,2636264229364717,450,Acorn Court,New York,34550,False
871,2022-02-22 14:48:22,1363943469171850,48,Swallow Court,Illinois,78217,True
872,2022-02-21 14:48:52,9115711598642487,777,Swallow Court,Delaware,22420,False
873,2022-02-20 14:49:07,6454318143371717,81,Rogers Road,North Dakota,49068,True
874,2022-02-19 14:49:09,2543294116469705,935,Walnut,Minnesota,71542,True
875,2022-02-18 14:48:58,8133458014592428,584,Duval Court,Guam,54528,False
876,2022-02-17 14:48:35,5723914389500996,165,Acorn Court,Indiana,51605,False
877,2022-02-16 14:48:33,4977827334843000,701,Gaskin Place,New York,64809,False
878,2022-02-15 14:48:30,8052178087316487,676,Gatsby Lane,New Mexico,35963,True
879,2022-02-14 14:48:15,6255093485195018,906,Gaskin Place,Hawaii,14236,False
880,2022-02-13 14:48:53,1964736762795680,110,Cypress Point,Louisiana,57970,False
881,2022-02-12 14:48:53,1125017232217711,701,Mission Hills Trail,Minnesota,34304,False
882,2022-02-11 14:48:21,5917855174447207,116,Mission Hills Trail,Iowa,47045,True
883,2022-02-10 14:48:45,2985581515608001,820,Elm,Georgia,31873,True
884,2022-02-09 14:48:43,2883027567930893,159,Bexley Place,Connecticut,34433,True
885,2022-02-08 14:48:21,4403173005965038,803,Ware Way,Guam,29468,False
886,2022-02-07 14:48:58,3821474535983583,543,Rose Path,Tennessee,33757,False
887,2022-02-06 14:49:03,3590834869467192,948,Maple,Oregon,33176,False
888,2022-02-05 14:48:35,1410004197047837,699,Iva Place,District ,33850,True
889,2022-02-04 14:48:37,6348875442256120,66,Lock Street,New York,27713,True
890,2022-02-03 14:48:29,3172682853576509,11,Gatsby Lane,Delaware,57717,False
891,2022-02-02 14:48:14,1496300343860749,878,Gatsby Lane,New Mexico,66533,False
892,2022-02-01 14:49:07,4402134826354149,292,Mission Hills Trail,Tennessee,91226,False
893,2022-01-31 14:48:44,8465879071690199,146,Elm,Maine,46959,True
894,2022-01-30 14:48:33,9210623419163041,813,Water,Alaska,93071,True
895,2022-01-29 14:48:42,6406032112579487,442,Gaskin Place,Michigan,71974,True
896,2022-01-28 14:49:05,5741163418359508,978,Gatsby Lane,Alabama,73113,False
897,2022-01-27 14:48:49,3448005509396110,373,Swallow Court,Virginia,95267,True
898,2022-01-26 14:48:21,2407501103255663,774,Elm,Oklahoma,65369,True
899,2022-01-25 14:48:57,6266963720634034,881,Cypress Point,California,99750,False
900,2022-01-24 14:48:32,4630100592397398,341,Iron Oak Way,New Jersey,48598,False
901,2022-01-23 14:48:57,5777481825698959,177,Miranda Way,North Carolina,87997,True
902,2022-01-22 14:49:09,1978855982958878,553,Gaskin Place,Nebraska,93017,True
903,2022-01-21 14:48:52,9685499158450597,260,Iva Place,Wyoming,66492,False
904,2022-01-20 14:49:05,4637887772679327,696,Iva Place,Texas,68283,False
905,2022-01-19 14:48:59,7175871852189871,514,Walnut,Arizona,71089,True
906,2022-01-18 14:48:46,4969189191364575,930,Rogers Road,Puerto Rico,62050,True
907,2022-01-17 14:48:46,6165746951770243,684,Gaskin Place,Utah,15796,True
908,2022-01-16 14:48:58,3753883355694435,71,Moore Terrace,Virgin Islands,66819,True
909,2022-01-15 14:49:01,6485590492153269,944,Bell Terrace,Virgin Islands,51049,True
910,2022-01-14 14:48:44,6383641750529769,371,Talley Ridge Drive,Connecticut,22559,True
911,2022-01-13 14:48:50,2062841894214391,844,Waalker Loop,Wyoming,78376,False
912,2022-01-12 14:48:43,1904247974302174,865,Mission Hills Trail,Colorado,73815,False
913,2022-01-11 14:48:46,2425974092766734,578,Wade Meadow Lane,North Carolina,95601,True
914,2022-01-10 14:48:52,3142289832047877,959,Paradise Drive,Delaware,64511,False
915,2022-01-09 14:48:53,4473310162932958,4,Lock Street,South Carolina,58319,True
916,2022-01-08 14:48:17,3298923587595256,777,Moore Terrace,District ,51752,True
917,2022-01-07 14:48:24,6271956486221074,756,Thornberry,Kentucky,40167,True
918,2022-01-06 14:49:05,7863168397990157,160,Talley Ridge Drive,North Carolina,61339,False
919,2022-01-05 14:48:50,5791244501346462,513,Gatsby Lane,Illinois,37514,True
920,2022-01-04 14:48:55,8318846135898619,43,Gaskin Place,New Jersey,46421,True
921,2022-01-03 14:48:48,3059336404406628,790,Cypress Point,Missouri,28776,True
922,2022-01-02 14:49:01,2011971371134241,356,Main,Connecticut,59277,True
923,2022-01-01 14:49:06,1621567006100802,339,Wade Meadow Lane,Wisconsin,75287,False
924,2021-12-31 14:48:37,4128459767828169,827,Mistwood Lane,Louisiana,80154,True
925,2021-12-30 14:48:16,4120521547563670,934,Gaskin Place,Utah,81752,False
926,2021-12-29 14:48:16,4964862077157515,121,Thornberry,Rhode Island,39473,False
927,2021-12-28 14:48:17,4664295383568332,909,Talley Ridge Drive,Indiana,19458,False
928,2021-12-27 14:48:29,2616556536794570,234,Wade Meadow Lane,Alabama,57960,False
929,2021-12-26 14:48:38,5921580838415805,604,Pardo Place,New Hampshire,46897,True
930,2021-12-25 14:48:21,8080329684856262,136,Waalker Loop,California,82628,True
931,2021-12-24 14:48:14,3760905352277032,827,Talley Ridge Drive,Idaho,28602,False
932,2021-12-23 14:48:59,1232243540573985,698,Acorn Court,California,47091,False
933,2021-12-22 14:48:43,1259636831904922,424,Waalker Loop,South Carolina,38737,True
934,2021-12-21 14:48:54,3304788769992248,377,Water,Florida,23752,True
935,2021-12-20 14:49:05,5568528285417348,106,Cypress Point,Missouri,63356,True
936,2021-12-19 14:48:24,8944396348149621,831,Lock Street,New Jersey,50078,True
937,2021-12-18 14:48:55,5100605413927402,426,Bell Terrace,Virginia,40455,False
938,2021-12-17 14:48:47,5460345322975391,926,Hudson,District ,46272,False
939,2021-12-16 14:48:51,2221527513617348,40,Maple,Pennsylvania,70888,False
940,2021-12-15 14:48:52,8863184523556163,171,Mission Hills Trail,Utah,10048,False
941,2021-12-14 14:48:50,5738481870924932,312,Talley Ridge Drive,North Dakota,30075,False
942,2021-12-13 14:48:36,8418095358856926,51,Duval Court,American Samoa,91258,True
943,2021-12-12 14:48:11,2526065175232003,879,Water,Missouri,43688,False
944,2021-12-11 14:49:09,7104089597540502,174,Hudson,Oregon,42737,False
945,2021-12-10 14:48:49,7990224081771402,730,Iva Place,Alabama,26838,True
946,2021-12-09 14:48:42,2487717543017152,301,Talley Ridge Drive,Alabama,40741,True
947,2021-12-08 14:48:43,9619823498372866,415,Ware Way,Florida,82447,False
948,2021-12-07 14:49:06,2920580366144091,819,Hudson,Colorado,27603,False
949,2021-12-06 14:48:29,9319528911121741,478,Cypress Point,New York,61670,False
950,2021-12-05 14:48:33,1011803873770108,223,Bexley Place,South Carolina,78791,True
951,2021-12-04 14:48:35,1809583138164320,789,Yuma Place,Massachusetts,14522,True
952,2021-12-03 14:48:15,4586572759169770,553,Ware Way,Massachusetts,11261,True
953,2021-12-02 14:48:49,2977231764599624,153,Yuma Place,Utah,77106,False
954,2021-12-01 14:48:55,1678250904313376,32,Rose Path,New Jersey,44454,False
955,2021-11-30 14:49:03,6883043675451807,863,Rogers Road,Utah,55365,True
956,2021-11-29 14:48:56,1779963654471851,194,Iron Oak Way,Arkansas,78551,True
957,2021-11-28 14:48:22,4731121553016424,448,Duval Court,Guam,19933,True
958,2021-11-27 14:48:45,9213190284658849,107,Sherwood Street,Georgia,56305,False
959,2021-11-26 14:48:55,1029924533867553,502,Paradise Drive,Rhode Island,67092,True
960,2021-11-25 14:48:42,8787581323745087,675,Gaskin Place,Idaho,32547,False
961,2021-11-24 14:48:59,8967596518991412,724,Elm,Iowa,67555,False
962,2021-11-23 14:49:08,3540151590586406,576,Walnut,of Columbia,16041,False
963,2021-11-22 14:48:56,8129142572798237,594,Thornberry,Indiana,59988,False
964,2021-11-21 14:48:13,7184932780030296,934,Yuma Place,of Columbia,45029,True
965,2021-11-20 14:48:18,1726233500184944,372,Paradise Drive,Wisconsin,61444,True
966,2021-11-19 14:48:29,6436664821852065,968,Acorn Court,Mississippi,54559,True
967,2021-11-18 14:49:01,8985922241409329,798,Iron Oak Way,Louisiana,15986,True
968,2021-11-17 14:48:42,8210793777624495,150,Mission Hills Trail,Puerto Rico,72448,True
969,2021-11-16 14:49:01,8236927669347666,263,Acorn Court,Hawaii,64524,False
970,2021-11-15 14:48:25,4454709100111446,960,Sherwood Street,Hawaii,92870,True
971,2021-11-14 14:48:15,7591447372248375,832,Paradise Drive,North Dakota,15655,True
972,2021-11-13 14:48:49,4724882435932156,450,Water,Texas,64550,True
973,2021-11-12 14:49:05,7584926413472533,894,Caulk Court,Virgin Islands,78075,True
974,2021-11-11 14:48:37,4678428700667841,955,Thornberry,Arkansas,39577,False
975,2021-11-10 14:48:17,7476811107121866,585,Bell Terrace,American Samoa,21369,False
976,2021-11-09 14:48:50,9549374118390041,455,Wade Meadow Lane,Virginia,32419,True
977,2021-11-08 14:48:56,2244320040029657,166,Iron Oak Way,Iowa,50588,True
978,2021-11-07 14:48:53,9350577341260518,833,Miranda Way,of Columbia,46093,True
979,2021-11-06 14:48:54,6148150307577065,227,Iva Place,Virginia,73822,True
980,2021-11-05 14:48:47,5786114955631449,242,Swallow Court,Utah,43547,False
981,2021-11-04 14:49:01,9284174474867179,871,Iva Place,Kentucky,76124,False
982,2021-11-03 14:49:08,1769639474635467,606,Waalker Loop,Minnesota,70591,False
983,2021-11-02 14:48:34,2422189759850028,877,Iron Oak Way,South Carolina,17114,True
984,2021-11-01 14:48:28,4528496267247209,500,Maple,Iowa,57923,False
985,2021-10-31 14:48:32,3671489183862566,669,Rogers Road,Maryland,97030,False
986,2021-10-30 14:49:01,7583793216654209,86,Bell Terrace,Oregon,14624,True
987,2021-10-29 14:48:14,6329591729406320,26,Iron Oak Way,Arizona,44008,True
988,2021-10-28 14:49:07,4848045602137751,548,Paradise Drive,Guam,41614,True
989,2021-10-27 14:48:57,9350227378838266,783,Swallow Court,Utah,52364,True
990,2021-10-26 14:48:11,1718638180314925,197,Water,Connecticut,51734,False
991,2021-10-25 14:48:52,8859916087960707,461,Swallow Court,Massachusetts,92423,False
992,2021-10-24 14:49:07,5484144049242140,258,Gatsby Lane,South Carolina,11916,True
993,2021-10-23 14:48:16,4198000953377339,133,Elm,Hawaii,58909,False
994,2021-10-22 14:48:34,5642768207993100,852,Mission Hills Trail,Virgin Islands,69738,True
995,2021-10-21 14:48:27,9890561437722808,30,Sherwood Street,Pennsylvania,15735,True
996,2021-10-20 14:48:41,8883731682422127,192,Sherwood Street,Oklahoma,42055,True
997,2021-10-19 14:48:36,8456365929006269,402,Gaskin Place,Florida,17388,False
998,2021-10-18 14:48:24,3826890119886380,513,Caulk Court,Connecticut,66458,True
999,2021-10-17 14:48:47,7845906922570793,509,Elm,Rhode Island,55976,False
1000,2021-10-16 14:48:11,3714749467855945,183,Swallow Court,Kentucky,24607,True
